--
-- PostgreSQL database dump
--

\restrict UvObCdukt551VWEZ8nD2X1FofILoREKduDslfu2CqzO5elqKdPeWeECSIwzCvVl

-- Dumped from database version 18.1
-- Dumped by pg_dump version 18.1

SET statement_timeout = 0;
SET lock_timeout = 0;
SET idle_in_transaction_session_timeout = 0;
SET transaction_timeout = 0;
SET client_encoding = 'UTF8';
SET standard_conforming_strings = on;
SELECT pg_catalog.set_config('search_path', '', false);
SET check_function_bodies = false;
SET xmloption = content;
SET client_min_messages = warning;
SET row_security = off;

SET default_tablespace = '';

SET default_table_access_method = heap;

--
-- Name: posts; Type: TABLE; Schema: public; Owner: postgres
--

CREATE TABLE public.posts (
    id integer NOT NULL,
    date timestamp without time zone DEFAULT now() NOT NULL,
    musicbrainz_id character varying(36),
    user_id integer NOT NULL,
    title character varying(255) NOT NULL,
    artist character varying(255),
    album character varying(255),
    text text,
    rating smallint,
    CONSTRAINT posts_rating_check CHECK (((rating >= 0) AND (rating <= 100)))
);


ALTER TABLE public.posts OWNER TO postgres;

--
-- Name: posts_id_seq; Type: SEQUENCE; Schema: public; Owner: postgres
--

CREATE SEQUENCE public.posts_id_seq
    AS integer
    START WITH 1
    INCREMENT BY 1
    NO MINVALUE
    NO MAXVALUE
    CACHE 1;


ALTER SEQUENCE public.posts_id_seq OWNER TO postgres;

--
-- Name: posts_id_seq; Type: SEQUENCE OWNED BY; Schema: public; Owner: postgres
--

ALTER SEQUENCE public.posts_id_seq OWNED BY public.posts.id;


--
-- Name: posts_tags; Type: TABLE; Schema: public; Owner: postgres
--

CREATE TABLE public.posts_tags (
    post_id integer NOT NULL,
    tag_id integer NOT NULL
);


ALTER TABLE public.posts_tags OWNER TO postgres;

--
-- Name: tags; Type: TABLE; Schema: public; Owner: postgres
--

CREATE TABLE public.tags (
    id integer NOT NULL,
    name character varying(50) NOT NULL
);


ALTER TABLE public.tags OWNER TO postgres;

--
-- Name: tags_id_seq; Type: SEQUENCE; Schema: public; Owner: postgres
--

CREATE SEQUENCE public.tags_id_seq
    AS integer
    START WITH 1
    INCREMENT BY 1
    NO MINVALUE
    NO MAXVALUE
    CACHE 1;


ALTER SEQUENCE public.tags_id_seq OWNER TO postgres;

--
-- Name: tags_id_seq; Type: SEQUENCE OWNED BY; Schema: public; Owner: postgres
--

ALTER SEQUENCE public.tags_id_seq OWNED BY public.tags.id;


--
-- Name: users; Type: TABLE; Schema: public; Owner: postgres
--

CREATE TABLE public.users (
    id integer NOT NULL,
    name character varying(100) NOT NULL,
    hash text NOT NULL,
    description text
);


ALTER TABLE public.users OWNER TO postgres;

--
-- Name: users_id_seq; Type: SEQUENCE; Schema: public; Owner: postgres
--

CREATE SEQUENCE public.users_id_seq
    AS integer
    START WITH 1
    INCREMENT BY 1
    NO MINVALUE
    NO MAXVALUE
    CACHE 1;


ALTER SEQUENCE public.users_id_seq OWNER TO postgres;

--
-- Name: users_id_seq; Type: SEQUENCE OWNED BY; Schema: public; Owner: postgres
--

ALTER SEQUENCE public.users_id_seq OWNED BY public.users.id;


--
-- Name: posts id; Type: DEFAULT; Schema: public; Owner: postgres
--

ALTER TABLE ONLY public.posts ALTER COLUMN id SET DEFAULT nextval('public.posts_id_seq'::regclass);


--
-- Name: tags id; Type: DEFAULT; Schema: public; Owner: postgres
--

ALTER TABLE ONLY public.tags ALTER COLUMN id SET DEFAULT nextval('public.tags_id_seq'::regclass);


--
-- Name: users id; Type: DEFAULT; Schema: public; Owner: postgres
--

ALTER TABLE ONLY public.users ALTER COLUMN id SET DEFAULT nextval('public.users_id_seq'::regclass);


--
-- Data for Name: posts; Type: TABLE DATA; Schema: public; Owner: postgres
--

COPY public.posts (id, date, musicbrainz_id, user_id, title, artist, album, text, rating) FROM stdin;
1	2025-12-04 23:37:59.143036	123e4567-e89b-12d3-a456-426614174000	1	My Favorite Song	Artist Name	Album Name	This song is amazing!	95
2	2025-12-14 18:27:22.984129	\N	2	asd	asd	asd	asd	0
3	2025-12-14 21:15:20.641391	\N	2	&lt;strong&gt;test&lt;/strong&gt;	&lt;strong&gt;test&lt;/strong&gt;		&lt;strong&gt;test&lt;/strong&gt;	0
4	2025-12-14 21:16:26.495785	\N	2	&lt;strong&gt;test&lt;/strong&gt;	&lt;strong&gt;test&lt;/strong&gt;	&lt;strong&gt;test&lt;/strong&gt;	<strong>test</strong>	0
5	2025-12-14 21:29:39.140793	\N	2	asd	asd	asd	asd	0
6	2025-12-14 21:29:48.042329	\N	2	a			a	0
7	2025-12-15 17:06:58.626849	217e89e9-02b4-4f5a-b553-ef5ff30eb48d	2	11123123	asd	asd	asd	0
\.


--
-- Data for Name: posts_tags; Type: TABLE DATA; Schema: public; Owner: postgres
--

COPY public.posts_tags (post_id, tag_id) FROM stdin;
1	1
1	2
2	3
3	4
4	4
5	5
\.


--
-- Data for Name: tags; Type: TABLE DATA; Schema: public; Owner: postgres
--

COPY public.tags (id, name) FROM stdin;
1	rock
2	favorite
3	test
4	<strong>test</strong>
5	asd
\.


--
-- Data for Name: users; Type: TABLE DATA; Schema: public; Owner: postgres
--

COPY public.users (id, name, hash, description) FROM stdin;
1	Alice	hashed_password_here	Music lover
2	julian	$2b$10$Pbl4GIkhGZ9IesHEJEe51.ZCFSGWnE4f9m033A1RL386LCc9Uz4Ge	\N
\.


--
-- Name: posts_id_seq; Type: SEQUENCE SET; Schema: public; Owner: postgres
--

SELECT pg_catalog.setval('public.posts_id_seq', 7, true);


--
-- Name: tags_id_seq; Type: SEQUENCE SET; Schema: public; Owner: postgres
--

SELECT pg_catalog.setval('public.tags_id_seq', 5, true);


--
-- Name: users_id_seq; Type: SEQUENCE SET; Schema: public; Owner: postgres
--

SELECT pg_catalog.setval('public.users_id_seq', 2, true);


--
-- Name: posts posts_pkey; Type: CONSTRAINT; Schema: public; Owner: postgres
--

ALTER TABLE ONLY public.posts
    ADD CONSTRAINT posts_pkey PRIMARY KEY (id);


--
-- Name: posts_tags posts_tags_pkey; Type: CONSTRAINT; Schema: public; Owner: postgres
--

ALTER TABLE ONLY public.posts_tags
    ADD CONSTRAINT posts_tags_pkey PRIMARY KEY (post_id, tag_id);


--
-- Name: tags tags_name_key; Type: CONSTRAINT; Schema: public; Owner: postgres
--

ALTER TABLE ONLY public.tags
    ADD CONSTRAINT tags_name_key UNIQUE (name);


--
-- Name: tags tags_pkey; Type: CONSTRAINT; Schema: public; Owner: postgres
--

ALTER TABLE ONLY public.tags
    ADD CONSTRAINT tags_pkey PRIMARY KEY (id);


--
-- Name: users users_name_key; Type: CONSTRAINT; Schema: public; Owner: postgres
--

ALTER TABLE ONLY public.users
    ADD CONSTRAINT users_name_key UNIQUE (name);


--
-- Name: users users_pkey; Type: CONSTRAINT; Schema: public; Owner: postgres
--

ALTER TABLE ONLY public.users
    ADD CONSTRAINT users_pkey PRIMARY KEY (id);


--
-- Name: idx_posts_musicbrainz_id; Type: INDEX; Schema: public; Owner: postgres
--

CREATE INDEX idx_posts_musicbrainz_id ON public.posts USING btree (musicbrainz_id);


--
-- Name: idx_posts_tags_post_id; Type: INDEX; Schema: public; Owner: postgres
--

CREATE INDEX idx_posts_tags_post_id ON public.posts_tags USING btree (post_id);


--
-- Name: idx_posts_tags_tag_id; Type: INDEX; Schema: public; Owner: postgres
--

CREATE INDEX idx_posts_tags_tag_id ON public.posts_tags USING btree (tag_id);


--
-- Name: idx_posts_user_id; Type: INDEX; Schema: public; Owner: postgres
--

CREATE INDEX idx_posts_user_id ON public.posts USING btree (user_id);


--
-- Name: posts_tags posts_tags_post_id_fkey; Type: FK CONSTRAINT; Schema: public; Owner: postgres
--

ALTER TABLE ONLY public.posts_tags
    ADD CONSTRAINT posts_tags_post_id_fkey FOREIGN KEY (post_id) REFERENCES public.posts(id) ON DELETE CASCADE;


--
-- Name: posts_tags posts_tags_tag_id_fkey; Type: FK CONSTRAINT; Schema: public; Owner: postgres
--

ALTER TABLE ONLY public.posts_tags
    ADD CONSTRAINT posts_tags_tag_id_fkey FOREIGN KEY (tag_id) REFERENCES public.tags(id) ON DELETE CASCADE;


--
-- Name: posts posts_user_id_fkey; Type: FK CONSTRAINT; Schema: public; Owner: postgres
--

ALTER TABLE ONLY public.posts
    ADD CONSTRAINT posts_user_id_fkey FOREIGN KEY (user_id) REFERENCES public.users(id) ON DELETE CASCADE;


--
-- Name: SCHEMA public; Type: ACL; Schema: -; Owner: pg_database_owner
--

GRANT ALL ON SCHEMA public TO miami_amber_user;


--
-- Name: TABLE posts; Type: ACL; Schema: public; Owner: postgres
--

GRANT ALL ON TABLE public.posts TO miami_amber_user;


--
-- Name: SEQUENCE posts_id_seq; Type: ACL; Schema: public; Owner: postgres
--

GRANT ALL ON SEQUENCE public.posts_id_seq TO miami_amber_user;


--
-- Name: TABLE posts_tags; Type: ACL; Schema: public; Owner: postgres
--

GRANT ALL ON TABLE public.posts_tags TO miami_amber_user;


--
-- Name: TABLE tags; Type: ACL; Schema: public; Owner: postgres
--

GRANT ALL ON TABLE public.tags TO miami_amber_user;


--
-- Name: SEQUENCE tags_id_seq; Type: ACL; Schema: public; Owner: postgres
--

GRANT ALL ON SEQUENCE public.tags_id_seq TO miami_amber_user;


--
-- Name: TABLE users; Type: ACL; Schema: public; Owner: postgres
--

GRANT ALL ON TABLE public.users TO miami_amber_user;


--
-- Name: SEQUENCE users_id_seq; Type: ACL; Schema: public; Owner: postgres
--

GRANT ALL ON SEQUENCE public.users_id_seq TO miami_amber_user;


--
-- Name: DEFAULT PRIVILEGES FOR SEQUENCES; Type: DEFAULT ACL; Schema: public; Owner: postgres
--

ALTER DEFAULT PRIVILEGES FOR ROLE postgres IN SCHEMA public GRANT ALL ON SEQUENCES TO miami_amber_user;


--
-- Name: DEFAULT PRIVILEGES FOR TABLES; Type: DEFAULT ACL; Schema: public; Owner: postgres
--

ALTER DEFAULT PRIVILEGES FOR ROLE postgres IN SCHEMA public GRANT ALL ON TABLES TO miami_amber_user;


--
-- PostgreSQL database dump complete
--

\unrestrict UvObCdukt551VWEZ8nD2X1FofILoREKduDslfu2CqzO5elqKdPeWeECSIwzCvVl

